City_ID,City,Country,Lat,Lng,Max Temp,Humidity,Cloudiness,Wind Speed,Weather Description
0,Gangapur,IN,26.4833,76.7167,72.5,54,0,1.12,clear sky
1,Saldanha,ZA,-33.0117,17.9442,59.05,85,2,18.75,clear sky
2,Hermanus,ZA,-34.4187,19.2345,58.8,82,100,15.59,overcast clouds
3,Barrow,US,71.2906,-156.7887,28.42,64,100,13.8,overcast clouds
4,Ushuaia,AR,-54.8,-68.3,51.46,62,40,9.22,scattered clouds
5,Carora,VE,10.1755,-70.0827,82.74,63,98,6.15,overcast clouds
6,Portland,US,45.5234,-122.6762,83.98,44,20,5.01,haze
7,Bluff,NZ,-46.6,168.3333,56.8,68,2,6.26,clear sky
8,Severo-Kurilsk,RU,50.6789,156.125,44.91,89,20,8.01,few clouds
9,Butaritari,KI,3.0707,172.7902,81.79,75,100,17.87,overcast clouds
10,Hamilton,US,39.1834,-84.5333,67.98,20,0,17.27,clear sky
11,Mataura,NZ,-46.1927,168.8643,56.48,59,2,2.64,clear sky
12,Mar Del Plata,AR,-38.0023,-57.5575,53.94,63,0,14.0,clear sky
13,Leningradskiy,RU,69.3833,178.4167,13.39,76,58,5.59,broken clouds
14,Hilo,US,19.7297,-155.09,91.27,72,20,9.22,few clouds
15,Vaini,TO,-21.2,-175.2,78.96,83,20,14.97,few clouds
16,Ancud,CL,-41.8697,-73.8203,53.83,68,36,3.67,scattered clouds
17,Mayo,US,38.8876,-76.5119,69.94,45,0,10.36,clear sky
18,Tongzhou,CN,39.9053,116.5994,48.31,93,97,4.47,mist
19,Avarua,CK,-21.2078,-159.775,78.85,78,100,11.5,overcast clouds
20,Ostrovnoy,RU,68.0531,39.5131,43.16,97,100,3.53,light rain
21,Tevaitoa,PF,-16.7833,-151.5,79.03,72,4,9.82,clear sky
22,Rikitea,PF,-23.1203,-134.9692,72.25,74,0,5.84,clear sky
23,Guaruja,BR,-23.9931,-46.2564,71.89,39,100,8.05,overcast clouds
24,Clyde River,CA,70.4692,-68.5914,23.23,86,75,3.44,broken clouds
25,Constitucion,CL,-35.3333,-72.4167,60.58,63,4,16.55,clear sky
26,Raudeberg,NO,61.9875,5.1352,47.07,68,54,14.94,broken clouds
27,Kapaa,US,22.0752,-159.319,83.1,81,100,12.66,overcast clouds
28,Ritchie,ZA,-29.038,24.6028,72.61,11,28,11.83,scattered clouds
29,Marzuq,YE,14.4,46.4667,69.24,67,80,3.42,broken clouds
30,Tuktoyaktuk,CA,69.4541,-133.0374,26.6,74,40,13.8,scattered clouds
31,Busselton,AU,-33.65,115.3333,47.07,92,3,7.05,clear sky
32,Flinders,AU,-34.5833,150.8552,61.05,78,0,4.0,clear sky
33,Kaitangata,NZ,-46.2817,169.8464,52.41,66,4,3.78,clear sky
34,Victoria,HK,22.2855,114.1577,78.33,80,27,5.01,scattered clouds
35,Burgos,ES,42.3394,-3.7079,55.81,58,0,4.61,clear sky
36,Tiksi,RU,71.6872,128.8694,12.6,93,99,7.92,overcast clouds
37,Ribeira Grande,PT,38.5167,-28.7,70.2,78,20,15.01,few clouds
38,Souillac,MU,-20.5167,57.5167,71.98,68,40,14.97,scattered clouds
39,Urumqi,CN,43.801,87.6005,50.95,24,0,6.71,clear sky
40,Sana,YE,15.3547,44.2067,58.14,24,20,2.1,few clouds
41,Katsuura,JP,35.1333,140.3,70.68,82,98,16.17,overcast clouds
42,Georgetown,MY,5.4112,100.3354,80.24,88,40,6.91,scattered clouds
43,Nerchinskiy Zavod,RU,51.3088,119.61,29.34,59,10,9.91,clear sky
44,Akureyri,IS,65.6835,-18.0878,37.33,81,100,12.66,overcast clouds
45,Ponta Do Sol,PT,32.6667,-17.1,73.0,68,89,6.53,overcast clouds
46,Xingyi,CN,24.1877,102.817,51.53,95,49,3.04,scattered clouds
47,Saint-Philippe,RE,-21.3585,55.7679,67.59,79,28,10.54,scattered clouds
48,Lompoc,US,34.6391,-120.4579,78.01,84,100,5.75,mist
49,Zyryanka,RU,65.75,150.85,8.17,96,100,1.07,overcast clouds
50,Puyang,CN,29.4603,119.8861,58.03,96,2,3.65,clear sky
51,Nanortalik,GL,60.1432,-45.2371,31.87,68,4,10.65,clear sky
52,Hobart,AU,-42.8794,147.3294,52.23,82,100,1.99,overcast clouds
53,Lebu,CL,-37.6167,-73.65,54.55,75,3,21.54,clear sky
54,Gvarv,NO,59.3875,9.1737,53.02,96,100,9.55,light rain
55,Aswan,EG,24.0934,32.907,81.7,29,0,9.22,clear sky
56,Sungaipenuh,ID,-2.0833,101.3833,62.98,96,100,1.01,overcast clouds
57,Olinda,BR,-8.0089,-34.8553,78.53,69,20,10.36,few clouds
58,Blagnac,FR,43.6328,1.394,60.94,82,0,2.3,clear sky
59,Nuuk,GL,64.1835,-51.7216,27.88,58,100,15.01,overcast clouds
60,Yellowknife,CA,62.456,-114.3525,36.12,51,75,27.63,broken clouds
61,Punta Arenas,CL,-53.15,-70.9167,53.71,58,0,34.52,clear sky
62,Khatanga,RU,71.9667,102.5,30.51,96,100,17.02,light snow
63,Alofi,NU,-19.0595,-169.9187,82.29,69,47,11.5,scattered clouds
64,Marsa Matruh,EG,31.3525,27.2453,73.6,64,0,13.8,clear sky
65,Saint George,US,37.1041,-113.5841,84.43,15,0,3.0,clear sky
66,Ambilobe,MG,-13.2,49.05,72.68,64,75,5.21,broken clouds
67,Vostok,RU,46.4856,135.8833,43.18,85,100,1.95,overcast clouds
68,Carnarvon,AU,-24.8667,113.6333,65.03,63,2,18.72,clear sky
69,Albany,US,42.6001,-73.9662,63.88,51,0,4.45,clear sky
70,Acapulco,MX,16.8634,-99.8901,82.69,82,29,4.18,light rain
71,Igrim,RU,63.1906,64.4162,39.61,88,100,4.5,overcast clouds
72,Hithadhoo,MV,-0.6,73.0833,81.0,75,16,16.35,few clouds
73,Mareeba,AU,-17.0,145.4333,70.52,92,95,3.2,overcast clouds
74,Puerto Ayora,EC,-0.7393,-90.3518,78.76,87,96,8.01,overcast clouds
75,Balykshi,KZ,47.0667,51.8667,42.8,70,0,2.24,clear sky
76,Puerto Escondido,MX,15.85,-97.0667,84.16,78,100,6.93,light rain
77,Arraial Do Cabo,BR,-22.9661,-42.0278,76.86,78,0,16.11,clear sky
78,Lumphat,KH,13.4878,106.9816,66.79,98,100,3.27,overcast clouds
79,Comodoro Rivadavia,AR,-45.8667,-67.5,69.66,21,0,12.66,clear sky
80,Angoche,MZ,-16.2325,39.9086,74.62,77,1,11.5,clear sky
81,Markova,UA,48.6758,24.4138,44.73,91,67,3.22,broken clouds
82,Kaihua,CN,23.3687,104.28,52.45,88,52,5.26,broken clouds
83,Sitka,US,57.0531,-135.33,48.09,76,75,5.23,broken clouds
84,Russell,US,32.3502,-85.1999,79.88,22,0,6.91,clear sky
85,Bonthe,SL,7.5264,-12.505,77.83,86,93,4.99,overcast clouds
86,Gat,IL,31.61,34.7642,72.28,100,23,2.75,few clouds
87,Gao,ML,16.6362,1.637,91.31,19,81,2.19,broken clouds
88,Salalah,OM,17.0151,54.0924,75.9,75,9,2.15,clear sky
89,Luderitz,NA,-26.6481,15.1594,65.53,59,100,15.3,overcast clouds
90,Ramgarh,IN,23.6333,85.5167,77.05,77,80,1.7,broken clouds
91,Storforshei,NO,66.4043,14.5233,42.58,81,75,2.3,broken clouds
92,Salisbury,GB,51.0693,-1.7957,51.82,98,75,6.91,broken clouds
93,Atuona,PF,-9.8,-139.0333,77.16,78,18,17.69,light rain
94,Castro,BR,-24.7911,-50.0119,60.13,97,100,5.91,light rain
95,Ornes,NO,66.8689,13.7078,41.31,65,76,9.95,broken clouds
96,Airai,TL,-8.9266,125.4092,59.76,86,80,2.04,broken clouds
97,Cape Town,ZA,-33.9258,18.4232,61.27,77,20,20.71,few clouds
98,Biltine,TD,14.5333,20.9167,85.32,20,16,6.53,few clouds
99,Boundiali,CI,9.5217,-6.4869,73.33,88,57,2.91,light rain
100,Los Algarrobos,PA,8.5,-82.4333,77.41,89,75,10.36,moderate rain
101,New Norfolk,AU,-42.7826,147.0587,51.89,68,100,4.0,overcast clouds
102,Kloulklubed,PW,7.0419,134.2556,75.7,77,100,14.7,moderate rain
103,Bethel,US,41.3712,-73.414,67.01,64,0,1.01,clear sky
104,Beringovskiy,RU,63.05,179.3167,30.07,68,94,2.01,overcast clouds
105,Komsomolskiy,UZ,40.4272,71.7189,56.12,47,53,6.91,broken clouds
106,Andenes,NO,69.3143,16.1194,42.78,65,0,16.11,clear sky
107,Port Alfred,ZA,-33.5906,26.891,62.19,96,100,13.73,light rain
108,Coruripe,BR,-10.1256,-36.1756,74.53,78,71,8.21,broken clouds
109,Isangel,VU,-19.55,169.2667,73.51,68,72,4.61,broken clouds
110,Manggar,ID,-2.8833,108.2667,77.04,87,72,2.26,broken clouds
111,Cabo San Lucas,MX,22.8909,-109.9124,89.62,54,0,14.97,clear sky
112,Flin Flon,CA,54.7682,-101.865,37.24,81,100,8.05,overcast clouds
113,Kapuskasing,CA,49.4169,-82.4331,46.4,76,75,12.66,broken clouds
114,Saskylakh,RU,71.9167,114.0833,21.15,91,100,11.86,overcast clouds
115,Port Blair,IN,11.6667,92.75,79.56,81,77,3.96,broken clouds
116,Posse,BR,-14.0931,-46.3694,86.34,20,47,6.2,scattered clouds
117,Yaring,TH,6.8662,101.3689,75.63,89,85,6.31,overcast clouds
118,Dicabisagan,PH,17.0818,122.4157,76.64,89,84,6.46,broken clouds
119,Belyy Yar,RU,53.6039,91.3903,25.86,96,0,2.24,clear sky
120,Upernavik,GL,72.7868,-56.1549,26.49,88,97,18.05,overcast clouds
121,Padang,ID,-0.9492,100.3543,76.1,86,100,2.35,overcast clouds
122,Qaanaaq,GL,77.484,-69.3632,12.7,82,36,4.56,scattered clouds
123,Faya,SA,18.3851,42.4509,60.91,49,7,3.69,clear sky
124,Tikapur,NP,28.5,81.1333,68.83,90,0,3.11,clear sky
125,Mahebourg,MU,-20.4081,57.7,71.89,68,40,14.97,scattered clouds
126,Vilyuysk,RU,63.7553,121.6247,22.15,95,93,4.88,overcast clouds
127,Iqaluit,CA,63.7506,-68.5145,29.93,93,75,8.05,broken clouds
128,Kununurra,AU,-15.7667,128.7333,78.78,73,97,4.61,overcast clouds
129,Margate,GB,51.3813,1.3862,56.88,90,87,1.01,overcast clouds
130,Riberalta,BO,-10.9833,-66.1,88.0,62,75,4.61,broken clouds
131,Narsaq,GL,60.9167,-46.05,18.16,68,0,6.78,clear sky
132,Cockburn Town,TC,21.4612,-71.1419,84.16,70,40,13.8,scattered clouds
133,Longyearbyen,SJ,78.2186,15.6401,18.39,88,100,1.36,overcast clouds
134,Adrar,MR,20.5022,-10.0711,88.52,19,100,11.68,overcast clouds
135,Vanimo,PG,-2.6741,141.3028,77.02,92,99,5.95,overcast clouds
136,Srednekolymsk,RU,67.45,153.6833,9.3,96,100,6.35,overcast clouds
137,Nikolskoye,RU,59.7035,30.7861,48.09,82,100,7.14,overcast clouds
138,Cidreira,BR,-30.1811,-50.2056,60.85,73,95,17.67,overcast clouds
139,Cocal,BR,-28.6167,-49.35,60.33,95,100,5.08,overcast clouds
140,Kota Bahru,MY,6.1333,102.2386,76.95,94,20,0.0,few clouds
141,Presidente Medici,BR,-11.1753,-61.9014,79.79,72,87,3.18,overcast clouds
142,Kedrovyy,RU,56.1667,91.8167,28.87,89,12,4.14,few clouds
143,Port Hedland,AU,-20.3167,118.5667,60.85,82,6,4.61,clear sky
144,Jamestown,US,42.097,-79.2353,58.01,33,75,13.0,broken clouds
145,Padre Bernardo,BR,-15.35,-48.5,88.61,18,13,4.74,few clouds
146,Gorontalo,ID,0.5412,123.0595,75.74,91,100,2.55,overcast clouds
147,Mount Isa,AU,-20.7333,139.5,69.57,56,55,6.91,broken clouds
148,Tuatapere,NZ,-46.1333,167.6833,53.87,50,0,3.56,clear sky
149,Bredasdorp,ZA,-34.5322,20.0403,57.7,83,100,10.4,light rain
150,Guerrero Negro,MX,27.9769,-114.0611,72.18,65,92,13.27,overcast clouds
151,Lavrentiya,RU,65.5833,-171.0,27.54,79,34,4.54,scattered clouds
152,Goderich,CA,43.7501,-81.7165,55.9,35,96,17.27,overcast clouds
153,Evensk,RU,61.95,159.2333,20.88,78,78,9.06,broken clouds
154,Chuy,UY,-33.6971,-53.4616,55.72,59,13,10.38,few clouds
155,Touros,BR,-5.1989,-35.4608,78.04,75,0,17.07,clear sky
156,Naze,JP,28.3667,129.4833,77.92,89,95,16.62,light rain
157,College,US,64.8569,-147.8028,29.21,81,4,2.66,clear sky
158,Newport,GB,51.5877,-2.9984,57.74,87,31,10.33,scattered clouds
159,Kavaratti,IN,10.5669,72.642,81.25,70,81,3.58,light rain
160,Opuwo,NA,-18.0607,13.84,76.39,39,75,9.6,broken clouds
161,Neiafu,TO,-18.65,-173.9833,79.48,89,75,6.91,broken clouds
162,Yumen,CN,40.2833,97.2,45.54,34,100,11.12,overcast clouds
163,San Andres,CO,12.5847,-81.7006,86.02,74,40,9.22,scattered clouds
164,Bundaberg,AU,-24.85,152.35,72.21,88,100,1.01,overcast clouds
165,Rio Gallegos,AR,-51.6226,-69.2181,68.05,28,40,27.63,scattered clouds
166,Dusti,TJ,37.3481,68.664,60.91,15,4,5.7,clear sky
167,Marapanim,BR,-0.7175,-47.6997,81.48,69,34,8.77,scattered clouds
168,Palana,RU,59.1167,159.9667,32.16,98,100,2.48,light snow
169,Kodiak,US,57.79,-152.4072,45.45,80,100,23.78,light rain
170,San Clemente,US,33.427,-117.612,73.85,90,9,1.99,clear sky
171,Kruisfontein,ZA,-34.0033,24.7314,59.49,92,100,14.9,overcast clouds
172,Nipawin,CA,53.3668,-104.0009,48.24,46,0,12.66,clear sky
173,Puerto Baquerizo Moreno,EC,-0.9,-89.6,70.79,83,75,19.57,broken clouds
174,Bengkulu,ID,-3.8004,102.2655,74.34,90,100,3.51,overcast clouds
175,Mitsamiouli,KM,-11.3847,43.2844,75.13,75,0,5.44,clear sky
176,Carson City,US,39.1638,-119.7674,81.63,17,0,11.5,clear sky
177,Castro Verde,PT,37.6983,-8.0858,72.82,50,1,6.64,clear sky
178,Umm Kaddadah,SD,13.6017,26.6876,85.64,19,2,10.98,clear sky
179,Pandan,PH,14.0453,124.1694,79.2,86,15,6.71,few clouds
180,Esperance,AU,-33.8667,121.9,50.43,86,0,8.08,clear sky
181,Licata,IT,37.1071,13.9461,68.23,68,8,9.33,clear sky
182,Stargard Szczecinski,PL,53.3367,15.0499,55.81,90,84,9.31,broken clouds
183,Poole,GB,50.7167,-2.0,58.71,92,82,2.3,fog
184,Kaeo,NZ,-35.1,173.7833,58.32,91,25,12.1,scattered clouds
185,Plettenberg Bay,ZA,-34.0527,23.3716,60.37,94,100,15.37,light rain
186,Bambous Virieux,MU,-20.3428,57.7575,71.85,68,40,14.97,scattered clouds
187,Cadiz,ES,36.5,-5.75,73.13,63,0,8.43,clear sky
188,Polyarnyy,RU,69.1989,33.4478,41.61,83,100,0.38,overcast clouds
189,Jieshi,CN,22.8134,115.8257,72.09,71,13,8.79,few clouds
190,Goksun,TR,38.021,36.4973,57.54,69,100,2.55,overcast clouds
191,Dongdu,CN,35.85,117.7,56.05,66,99,1.97,overcast clouds
192,Fairbanks,US,64.8378,-147.7164,29.23,81,4,2.64,clear sky
193,Fortuna,US,40.5982,-124.1573,59.99,78,7,5.64,clear sky
194,Port Elizabeth,ZA,-33.918,25.5701,61.32,99,100,4.0,light rain
195,Bilibino,RU,68.0546,166.4372,-6.02,99,99,2.33,overcast clouds
196,Tieling,CN,42.2931,123.8414,49.96,82,0,6.76,clear sky
197,Dwarka,IN,22.2394,68.9678,82.15,63,64,13.78,broken clouds
198,Torbay,CA,47.6666,-52.7314,55.38,79,37,1.01,scattered clouds
199,Ulladulla,AU,-35.35,150.4667,56.39,67,0,3.89,clear sky
200,Straseni,MD,47.1414,28.6103,42.42,89,11,4.45,few clouds
201,Port-Gentil,GA,-0.7193,8.7815,76.96,94,100,9.22,thunderstorm with light rain
202,Hasaki,JP,35.7333,140.8333,70.21,72,100,17.72,light rain
203,Rundu,NA,-17.9333,19.7667,74.52,23,36,5.23,scattered clouds
204,Norman Wells,CA,65.282,-126.8329,26.64,68,20,0.0,few clouds
205,Waingapu,ID,-9.6567,120.2641,78.15,75,82,5.35,broken clouds
206,Pacasmayo,PE,-7.4006,-79.5714,65.53,72,6,15.61,clear sky
207,Olafsvik,IS,64.8945,-23.7142,38.39,72,83,30.98,broken clouds
208,Callaway,US,30.153,-85.5699,85.91,31,0,4.0,clear sky
209,Port Hueneme,US,34.1478,-119.1951,86.25,83,100,9.22,overcast clouds
210,Tamiahua,MX,21.2667,-97.45,84.6,68,11,10.76,few clouds
211,Omsukchan,RU,62.5333,155.8,-1.77,100,83,3.83,broken clouds
212,Talcher,IN,20.95,85.2167,74.26,94,15,2.73,few clouds
213,Myaundzha,RU,63.0494,147.1858,3.43,98,100,2.04,overcast clouds
214,Ca Mau,VN,9.1769,105.15,74.23,85,94,3.87,overcast clouds
215,Kampene,CD,-3.6,26.6667,72.27,68,99,2.66,overcast clouds
216,Kismayo,SO,-0.3582,42.5454,77.02,82,100,12.66,overcast clouds
217,Nelson Bay,AU,-32.7167,152.15,59.0,75,0,8.99,clear sky
218,San Jeronimo,PE,-11.9472,-75.2829,62.53,47,82,11.88,broken clouds
219,Cherskiy,RU,68.75,161.3,4.71,96,100,6.64,overcast clouds
220,Ocos,GT,14.5094,-92.1933,82.58,81,51,8.95,light rain
221,Dzhubga,RU,44.3211,38.7039,55.69,61,7,17.52,clear sky
222,Bolong,PH,7.0983,122.2392,79.75,75,95,3.91,overcast clouds
223,Arlit,NE,18.7369,7.3853,87.4,9,4,11.95,clear sky
224,Lagoa,PT,39.05,-27.9833,67.78,76,100,16.78,overcast clouds
225,Brookhaven,US,31.5791,-90.4407,85.24,25,0,0.98,clear sky
226,Menongue,AO,-14.6585,17.691,69.96,34,57,3.0,broken clouds
227,Husavik,IS,66.0449,-17.3389,35.96,95,100,20.89,overcast clouds
228,Dogondoutchi,NE,13.6393,4.0287,85.91,46,16,7.61,few clouds
229,Coracora,PE,-15.0333,-73.7833,58.33,23,80,10.69,broken clouds
230,Bachaquero,VE,9.9694,-71.1494,85.26,72,60,3.8,broken clouds
231,San Policarpo,PH,12.1791,125.5072,77.99,85,58,5.99,broken clouds
232,Astoria,US,46.1879,-123.8313,70.14,73,13,3.0,few clouds
233,Raffadali,IT,37.4036,13.5331,63.39,78,10,6.04,clear sky
234,Xining,CN,36.6167,101.7667,43.5,47,100,1.7,overcast clouds
235,Beaverlodge,CA,55.2166,-119.4361,65.55,43,48,10.78,scattered clouds
236,Thompson,CA,55.7435,-97.8558,33.96,100,100,14.97,mist
237,Vila Franca Do Campo,PT,37.7167,-25.4333,74.19,92,89,7.67,overcast clouds
238,Coahuayana,MX,18.7333,-103.6833,85.5,75,62,5.5,light rain
239,Itoman,JP,26.1247,127.6694,81.37,89,40,14.97,scattered clouds
240,Codrington,AU,-38.2667,141.9667,49.35,90,100,10.4,overcast clouds
241,San Quintin,MX,30.4833,-115.95,69.93,66,11,11.23,few clouds
242,Ahipara,NZ,-35.1667,173.1667,60.01,62,35,8.95,scattered clouds
243,Geraldton,AU,-28.7667,114.6,46.81,87,99,4.61,overcast clouds
244,Hambantota,LK,6.1241,81.1185,78.15,82,100,14.03,overcast clouds
245,Cayenne,GF,4.9333,-52.3333,84.24,74,40,9.22,scattered clouds
246,Sterling,US,39.0062,-77.4286,70.0,46,40,9.22,scattered clouds
247,Paita,PE,-5.0892,-81.1144,67.39,72,9,19.24,clear sky
248,Ust-Kuyga,RU,70.0167,135.6,10.24,97,95,6.82,overcast clouds
249,Boddam,GB,57.4667,-1.7833,38.43,77,29,7.74,scattered clouds
250,Fare,PF,-16.7,-151.0167,78.94,73,3,10.07,clear sky
251,Ashland,US,40.8167,-82.2665,60.17,28,16,14.97,few clouds
252,San Patricio,US,28.017,-97.5169,91.18,46,57,12.5,broken clouds
253,Jinchang,CN,38.4953,102.1739,48.83,31,100,8.19,overcast clouds
254,Zamania,IN,25.4333,83.5667,70.32,64,0,2.21,clear sky
255,Koungou,YT,-12.7336,45.2042,73.11,78,0,2.3,clear sky
256,Cacahuatepec,MX,16.8861,-99.6106,83.26,84,38,4.56,moderate rain
257,Tura,IN,25.5198,90.2201,69.37,90,0,3.29,clear sky
258,Katangli,RU,51.7102,143.2326,43.47,82,100,8.25,overcast clouds
259,Banda Aceh,ID,5.5577,95.3222,79.39,79,95,12.48,overcast clouds
260,Luneburg,DE,53.25,10.4,57.72,87,100,6.64,overcast clouds
261,Dikson,RU,73.5069,80.5464,33.04,98,100,24.11,overcast clouds
262,Cascais,PT,38.6979,-9.4215,66.94,80,0,18.41,clear sky
263,Teya,RU,60.3778,92.6267,30.47,87,98,1.41,overcast clouds
264,Tasiilaq,GL,65.6145,-37.6368,18.52,60,3,6.96,clear sky
265,Ilulissat,GL,69.2167,-51.1,17.98,72,99,2.75,overcast clouds
266,Kouango,CF,4.9934,19.9619,72.37,91,100,1.48,overcast clouds
267,Balabac,PH,7.9868,117.0645,81.07,79,98,13.22,overcast clouds
268,Brae,GB,60.3964,-1.353,47.86,64,9,17.83,clear sky
269,Pevek,RU,69.7008,170.3133,13.14,90,100,10.51,overcast clouds
270,Ponta Delgada,PT,37.7333,-25.6667,74.5,88,75,13.8,broken clouds
271,Yulara,AU,-25.2406,130.9889,61.52,32,99,15.52,overcast clouds
272,Belaya Gora,RU,68.5333,146.4167,10.4,91,100,4.32,overcast clouds
273,Nome,US,64.5011,-165.4064,34.16,73,7,7.58,clear sky
274,Ronne,DK,55.1009,14.7066,55.31,94,20,10.36,few clouds
275,Paamiut,GL,61.994,-49.6678,33.69,57,24,18.57,few clouds
276,Emmett,US,43.8735,-116.4993,77.09,13,8,6.76,clear sky
277,Samarai,PG,-10.6167,150.6667,81.52,82,66,10.11,broken clouds
278,Berdigestyakh,RU,62.0989,126.6992,24.03,99,99,1.95,overcast clouds
279,Burgeo,CA,47.6167,-57.6152,54.41,88,99,5.99,overcast clouds
280,Iraray,PH,8.9936,118.0511,77.54,86,100,2.24,overcast clouds
281,Mercedes,AR,-34.6515,-59.4307,61.03,23,65,14.52,broken clouds
282,Kieta,PG,-6.2167,155.6333,81.09,76,99,1.77,overcast clouds
283,Sinnamary,GF,5.3833,-52.95,81.28,81,54,11.81,broken clouds
284,Wuwei,CN,37.9281,102.6414,47.97,29,100,1.72,overcast clouds
285,Moron,AR,-34.6534,-58.6198,62.49,54,32,12.39,scattered clouds
286,Bose,IT,45.4612,8.0137,58.59,89,67,3.98,broken clouds
287,Atakpame,TG,7.5333,1.1333,71.71,96,72,3.67,broken clouds
288,Ossora,RU,59.2353,163.0719,34.66,81,100,3.27,overcast clouds
289,Namatanai,PG,-3.6667,152.4333,81.09,74,72,5.91,light rain
290,Muros,ES,42.7762,-9.0603,65.08,90,22,7.07,few clouds
291,Ketchikan,US,55.3422,-131.6461,56.82,97,100,3.42,overcast clouds
292,Grand Gaube,MU,-20.0064,57.6608,72.0,63,8,7.0,clear sky
293,Tabuk,PH,17.4189,121.4443,71.62,93,100,2.64,overcast clouds
294,Wick,GB,58.4333,-3.0833,41.05,81,0,4.61,clear sky
295,Dali,CN,25.7,100.1833,59.09,95,61,1.66,broken clouds
296,Tres Picos,MX,15.8667,-93.5333,83.37,77,38,1.7,moderate rain
297,Taltal,CL,-25.4,-70.4833,60.19,74,24,2.91,few clouds
298,Paka,MY,4.6374,103.4368,75.13,94,76,0.0,broken clouds
299,Sarai,RU,53.7458,41.0213,38.32,69,78,5.23,broken clouds
300,Iquitos,PE,-3.7481,-73.2472,86.04,70,75,3.44,broken clouds
301,Lityn,UA,49.3251,28.0809,43.36,71,18,7.0,few clouds
302,Trinidad,BO,-14.8333,-64.9,84.18,58,100,11.5,moderate rain
303,Vardo,NO,70.3705,31.1107,40.98,87,100,5.75,overcast clouds
304,Ayagoz,KZ,47.9714,80.4392,42.75,43,2,3.04,clear sky
305,Flagstaff,US,35.1981,-111.6513,75.52,21,0,9.22,clear sky
306,Lima,PE,-12.0432,-77.0282,64.65,63,20,17.27,few clouds
307,Mandurah,AU,-32.55,115.7,51.01,86,0,5.08,clear sky
308,Lasa,IT,46.6166,10.7002,52.36,93,96,1.16,overcast clouds
309,Korla,CN,41.7597,86.1469,51.62,29,13,1.41,few clouds
310,Deming,US,32.2687,-107.7586,75.92,31,100,5.39,overcast clouds
311,Pingliang,CN,35.5392,106.6861,50.18,50,92,2.62,overcast clouds
312,Manokwari,ID,-0.8667,134.0833,79.27,76,98,2.82,moderate rain
313,Tokur,RU,53.1333,132.9,28.83,85,41,3.6,scattered clouds
314,Petropavlovsk-Kamchatskiy,RU,53.0452,158.6483,30.79,86,20,6.71,few clouds
315,Ha Tinh,VN,18.3333,105.9,71.51,77,100,9.84,overcast clouds
316,Seinajoki,FI,62.7945,22.8282,46.24,99,75,6.91,broken clouds
317,Te Anau,NZ,-45.4167,167.7167,51.66,52,4,1.95,clear sky
318,Auki,SB,-8.7676,160.7034,80.28,73,100,2.37,overcast clouds
319,Cabedelo,BR,-6.9811,-34.8339,77.81,73,9,14.81,clear sky
320,Bathsheba,BB,13.2167,-59.5167,81.61,76,15,11.65,few clouds
321,San Miguel,SV,13.4833,-88.1833,84.43,78,89,2.01,overcast clouds
322,Biloela,AU,-24.4167,150.5,69.71,70,100,10.25,overcast clouds
323,Port Hardy,CA,50.6996,-127.4199,50.18,100,100,3.44,fog
324,Port Macquarie,AU,-31.4333,152.9167,58.89,61,0,6.98,clear sky
325,Saint Anthony,US,45.0205,-93.218,42.22,81,100,6.91,overcast clouds
326,Walvis Bay,NA,-22.9575,14.5053,59.09,84,67,5.68,broken clouds
327,Faanui,PF,-16.4833,-151.75,79.05,72,18,11.16,few clouds
328,Tual,ID,-5.6667,132.75,82.76,73,100,7.87,overcast clouds
329,Pisco,PE,-13.7,-76.2167,66.02,75,2,8.41,clear sky
330,Faro,PT,37.0194,-7.9322,73.18,60,0,8.05,clear sky
331,Mackay,AU,-21.15,149.2,72.68,79,4,2.57,clear sky
332,South Venice,US,27.0531,-82.4243,86.27,82,33,5.99,scattered clouds
333,Chokurdakh,RU,70.6333,147.9167,12.09,96,98,7.56,overcast clouds
334,San Vicente,AR,-26.6167,-54.1333,65.03,88,51,6.44,broken clouds
335,Miles City,US,46.4083,-105.8406,64.89,32,100,17.34,overcast clouds
336,Bentiu,SS,9.2333,29.8333,73.51,91,100,0.96,overcast clouds
337,Provideniya,RU,64.3833,-173.3,27.99,80,75,8.19,broken clouds
338,Nalut,LY,30.3333,10.85,73.45,49,6,9.57,clear sky
339,Kirakira,SB,-10.4544,161.9205,82.51,73,100,1.95,overcast clouds
340,Salinas,US,36.6777,-121.6555,76.01,50,0,7.43,clear sky
341,Basco,PH,20.4487,121.9702,79.79,88,100,30.36,light rain
342,Kawalu,ID,-7.3817,108.2082,71.73,98,97,2.26,overcast clouds
343,Niihama,JP,33.9593,133.3167,63.03,80,1,1.05,clear sky
344,Chalus,IR,36.655,51.4204,70.16,78,17,3.15,few clouds
345,Yanam,IN,16.7333,82.2167,75.9,96,100,6.29,light rain
346,Kimbe,PG,-5.5502,150.1429,78.03,88,100,2.48,overcast clouds
347,Lubao,PH,14.9167,120.55,76.6,92,100,3.33,light rain
348,Beloha,MG,-25.1667,45.05,73.62,51,0,8.72,clear sky
349,Broken Hill,AU,-31.95,141.4333,53.19,68,0,7.34,clear sky
350,Lata,PT,40.1629,-8.3327,64.81,97,25,1.7,scattered clouds
351,Barpeta,IN,26.3167,91.0,74.17,88,10,2.19,clear sky
352,Vila Do Maio,CV,15.1333,-23.2167,77.95,81,100,11.86,overcast clouds
353,Gazanjyk,TM,39.2446,55.5154,64.69,38,96,8.34,overcast clouds
354,Parrita,CR,9.5201,-84.3225,79.12,86,78,1.61,broken clouds
355,Ontario,US,34.0633,-117.6509,92.25,70,40,8.01,haze
356,Arona,ES,28.0996,-16.681,67.39,84,40,17.27,scattered clouds
357,Dawlatabad,AF,36.4141,64.9053,65.68,14,0,4.92,clear sky
358,Oussouye,SN,12.485,-16.5469,80.19,81,94,6.62,overcast clouds
359,Hanzhong,CN,33.0728,107.0303,56.5,84,100,0.89,overcast clouds
360,Pochutla,MX,15.7432,-96.4661,87.82,71,94,5.41,light rain
361,Dingle,PH,10.9995,122.6711,75.72,91,46,5.66,scattered clouds
362,Mount Darwin,ZW,-16.7725,31.5838,68.34,34,0,3.31,clear sky
363,Dongzhen,CN,22.3797,110.9389,67.62,55,87,4.88,overcast clouds
364,Caravelas,BR,-17.7125,-39.2481,74.88,77,4,6.46,clear sky
365,Saint-Joseph,RE,-21.3667,55.6167,66.58,76,35,9.66,scattered clouds
366,Shenkursk,RU,62.1091,42.896,41.29,90,100,4.43,overcast clouds
367,Rambouillet,FR,48.5833,1.9167,59.79,93,100,9.35,light rain
368,Seda,LV,57.65,25.75,46.06,88,90,5.64,overcast clouds
369,Maniitsoq,GL,65.4167,-52.9,28.18,60,97,7.9,overcast clouds
370,Maksatikha,RU,57.797,35.8825,39.07,92,100,3.36,overcast clouds
371,Selenginsk,RU,52.0064,106.8647,28.81,90,100,7.4,snow
372,Klaksvik,FO,62.2266,-6.589,43.72,88,100,27.38,light rain
373,Mbeya,TZ,-8.9,33.45,58.91,50,2,6.44,clear sky
374,Jalu,LY,29.0331,21.5482,73.8,79,98,18.66,overcast clouds
375,Qaqortoq,GL,60.7167,-46.0333,27.19,61,1,5.59,clear sky
376,Kavieng,PG,-2.5744,150.7967,82.31,76,15,12.44,light rain
377,Conde,BR,-7.2597,-34.9075,75.31,74,7,12.64,clear sky
378,Shush,IR,32.1942,48.2436,83.25,18,0,4.36,clear sky
379,Pauini,BR,-7.7136,-66.9764,87.71,57,53,1.16,broken clouds
380,Makakilo City,US,21.3469,-158.0858,84.61,62,7,1.07,clear sky
381,Rancho Palos Verdes,US,33.7445,-118.387,73.92,80,100,5.01,overcast clouds
382,Chapais,CA,49.7834,-74.8492,51.82,55,11,6.04,few clouds
383,Laguna,US,38.421,-121.4238,88.09,44,0,1.01,clear sky
384,Kolobrzeg,PL,54.1757,15.5834,56.97,70,77,10.2,broken clouds
385,Arman,RU,59.7,150.1667,23.99,68,98,7.31,overcast clouds
386,Palmer,US,42.1584,-72.3287,64.62,73,40,4.61,scattered clouds
387,Iracoubo,GF,5.4802,-53.2011,80.74,82,89,11.5,overcast clouds
388,Hofn,IS,64.2539,-15.2082,39.99,62,44,24.43,scattered clouds
389,Mayor Pablo Lagerenza,PY,-19.9309,-60.7718,83.44,44,100,4.65,overcast clouds
390,Buritis,BR,-15.6178,-46.4233,86.79,19,66,5.5,broken clouds
391,Kalmunai,LK,7.4167,81.8167,76.98,88,100,4.23,moderate rain
392,Sechura,PE,-5.5569,-80.8222,75.36,53,13,16.62,few clouds
393,Talnakh,RU,69.4865,88.3972,33.24,99,100,8.01,snow
394,Bang Saphan,TH,11.2126,99.5117,74.08,93,65,3.27,broken clouds
395,Nkhotakota,MW,-12.9274,34.2961,74.25,40,6,2.53,clear sky
396,Zarubino,RU,42.63,131.0922,52.14,75,17,6.53,few clouds
397,Hirado,JP,33.3597,129.5531,68.32,81,3,14.29,clear sky
398,Villa Maria,AR,-32.4075,-63.2402,55.81,47,56,19.37,broken clouds
399,Amalapuram,IN,16.5833,82.0167,74.57,97,100,4.43,moderate rain
400,Ahuimanu,US,21.4447,-157.8378,85.78,63,13,6.6,few clouds
401,Linares,CL,-35.85,-71.6,70.0,45,0,9.53,clear sky
402,Vila,PT,42.0304,-8.1588,54.48,90,8,0.85,clear sky
403,Pangnirtung,CA,66.1451,-65.7125,35.53,61,87,4.16,overcast clouds
404,Marsh Harbour,BS,26.5412,-77.0636,81.14,68,96,8.25,overcast clouds
405,Lorengau,PG,-2.0226,147.2712,82.74,69,86,8.75,overcast clouds
406,Kargasok,RU,59.0556,80.8572,31.48,86,99,8.63,overcast clouds
407,Shimoda,JP,34.6667,138.95,68.34,86,82,13.98,broken clouds
408,Berlevag,NO,70.8578,29.0864,35.4,86,0,5.75,clear sky
409,Fort Nelson,CA,58.8053,-122.7002,39.94,50,61,4.0,broken clouds
410,East London,ZA,-33.0153,27.9116,65.35,84,100,8.86,light rain
411,Severnyy,RU,50.677,36.5532,35.64,80,0,2.24,clear sky
412,Otjimbingwe,NA,-22.35,16.1333,80.47,27,69,0.6,broken clouds
413,Weatherford,US,32.7593,-97.7972,88.66,26,0,1.01,clear sky
414,Gamba,GA,-2.65,10.0,76.53,90,100,6.2,light rain
415,Diapaga,BF,12.0708,1.7889,77.67,68,94,3.74,overcast clouds
416,Yarada,IN,17.65,83.2667,79.12,94,75,3.44,drizzle
417,Coihaique,CL,-45.5752,-72.0662,57.15,44,0,9.22,clear sky
418,Zlobin,HR,45.2924,14.6541,54.7,63,0,6.91,clear sky
419,San Cristobal,VE,7.7669,-72.225,78.98,66,97,3.74,overcast clouds
420,Sijunjung,ID,-0.6876,100.9537,70.54,96,96,1.74,overcast clouds
421,Leona Vicario,MX,20.9667,-87.1917,85.98,53,91,7.2,overcast clouds
422,Linxia,CN,35.6003,103.2064,47.66,51,100,0.58,overcast clouds
423,Grindavik,IS,63.8424,-22.4338,39.67,75,75,18.41,broken clouds
424,Rantoul,US,40.3084,-88.1559,65.34,28,0,20.71,clear sky
425,Juneau,US,58.3019,-134.4197,46.22,100,100,2.44,overcast clouds
426,Yar-Sale,RU,66.8333,70.8333,40.44,89,100,8.88,overcast clouds
427,Nishihara,JP,26.1842,127.7558,80.65,89,75,14.97,broken clouds
428,Praya,CV,14.9215,-23.5087,79.34,83,20,8.05,few clouds
429,Gawler,AU,-34.6,138.7333,54.16,92,43,3.58,scattered clouds
430,Bilma,NE,18.6853,12.9164,82.35,12,0,5.88,clear sky
431,Encruzilhada,BR,-15.5314,-40.9094,73.67,65,29,10.0,scattered clouds
432,Coquimbo,CL,-29.9533,-71.3436,58.73,82,0,13.8,clear sky
433,Adre,TD,13.4667,22.2,78.49,25,9,7.81,clear sky
434,Poum,NC,-20.2333,164.0167,73.53,65,40,10.0,scattered clouds
435,Mollendo,PE,-17.0231,-72.0147,62.53,74,25,6.11,scattered clouds
436,Anadyr,RU,64.75,177.4833,24.01,85,86,3.67,overcast clouds
437,Talcahuano,CL,-36.7167,-73.1167,62.28,67,0,19.57,clear sky
438,Rio Verde De Mato Grosso,BR,-18.9181,-54.8442,82.74,56,65,7.49,broken clouds
439,Bandarbeyla,SO,9.4942,50.8122,76.91,90,41,11.88,scattered clouds
440,Shimla,IN,31.1,77.1667,49.3,77,0,5.37,clear sky
441,Santa Isabel Do Rio Negro,BR,-0.4139,-65.0192,82.85,72,100,0.22,moderate rain
442,La Orilla,MX,17.9833,-102.2333,83.71,78,98,4.85,light rain
443,Buchanan,LR,5.8808,-10.0467,76.39,87,98,4.65,light rain
444,Meulaboh,ID,4.1363,96.1285,75.11,91,100,1.79,overcast clouds
445,Aksu,CN,41.1231,80.2644,54.21,25,3,2.53,clear sky
446,Bereda,ES,43.2686,-7.5406,60.58,100,12,5.23,few clouds
447,Sirpur,IN,19.4833,79.6,72.64,96,31,5.66,scattered clouds
448,Pucallpa,PE,-8.3791,-74.5539,75.24,88,75,10.36,light rain
449,Laval,CA,45.57,-73.692,62.29,60,20,4.61,few clouds
450,Ginda,IN,30.6945,78.4932,53.15,59,0,5.99,clear sky
451,Toul,FR,48.6667,5.9167,61.09,97,75,11.5,mist
452,Hay River,CA,60.8156,-115.7999,35.71,55,82,17.9,broken clouds
453,Namibe,AO,-15.1961,12.1522,67.73,83,84,7.94,broken clouds
454,Belmonte,BR,-15.8631,-38.8828,75.02,80,10,6.49,clear sky
455,Varhaug,NO,58.6147,5.6457,52.9,87,100,12.48,overcast clouds
456,Tigil,RU,57.8,158.6667,34.57,100,100,4.99,snow
457,Catia La Mar,VE,10.6038,-67.0303,81.9,87,35,10.16,scattered clouds
458,Baker City,US,44.7749,-117.8344,71.6,26,0,4.18,haze
459,Scarborough,GB,54.2797,-0.4044,51.37,88,68,1.01,broken clouds
460,Gayeri,BF,12.6497,0.4931,78.51,62,99,6.76,overcast clouds
461,Sao Joao Da Barra,BR,-21.6403,-41.0511,77.09,86,4,12.33,clear sky
462,Bukachacha,RU,52.9833,116.9167,29.97,80,100,12.53,overcast clouds
463,Aklavik,CA,68.2191,-135.0107,26.46,51,83,3.38,broken clouds
464,Celestun,MX,20.8667,-90.4,85.14,68,64,5.41,light rain
465,Yeppoon,AU,-23.1333,150.7333,71.38,81,4,2.95,clear sky
466,Eldorado,BR,-23.7869,-54.2836,70.07,91,100,3.6,overcast clouds
467,Assiniboia,CA,49.6334,-105.9845,54.46,28,100,10.74,overcast clouds
468,Vila Velha,BR,-20.3297,-40.2925,76.95,84,21,7.0,few clouds
469,Redmond,US,47.674,-122.1215,76.86,55,5,1.99,clear sky
470,Colares,PT,38.7992,-9.4469,66.76,81,6,18.01,clear sky
471,Nouadhibou,MR,20.931,-17.0347,70.52,83,0,22.48,clear sky
472,Tautira,PF,-17.7333,-149.15,77.09,78,7,5.03,light rain
473,Natal,BR,-5.795,-35.2094,79.45,73,0,10.36,clear sky
474,Bonfim,BR,3.0833,-59.95,86.56,62,77,7.85,heavy intensity rain
475,Mayskiy,RU,47.6931,40.1025,42.21,59,1,8.95,clear sky
476,Ixtapa,MX,20.7,-105.2,88.23,74,40,9.22,scattered clouds
477,Santa Cruz,BO,-17.8,-63.1667,81.86,57,40,9.22,scattered clouds
478,Mugango,TZ,-1.6833,33.7,73.4,61,77,5.46,broken clouds
479,Hohhot,CN,40.8106,111.6522,46.94,47,49,1.74,scattered clouds
480,Corpus Christi,US,27.8006,-97.3964,89.6,64,40,17.27,scattered clouds
481,Abnub,EG,27.2696,31.1511,73.09,46,5,7.27,clear sky
482,Beatrice,US,40.2681,-96.747,72.18,28,0,17.27,clear sky
483,Tromso,NO,69.6496,18.957,35.38,93,0,2.3,clear sky
484,Khandyga,RU,62.6667,135.6,12.22,98,96,1.19,overcast clouds
485,Staryy Nadym,RU,65.6118,72.6842,35.94,83,99,11.1,overcast clouds
486,Mwaya,TZ,-9.55,33.95,72.97,43,4,3.8,clear sky
487,Bintulu,MY,3.1667,113.0333,74.55,93,100,4.32,overcast clouds
488,Wenling,CN,28.3669,121.36,67.5,79,100,10.25,overcast clouds
489,Bahir Dar,ET,11.5936,37.3908,61.36,86,47,3.02,scattered clouds
490,Fukue,JP,32.6881,128.8419,70.83,78,2,12.88,clear sky
491,Asau,RO,46.4333,26.4,49.28,93,91,2.73,overcast clouds
492,Agadez,NE,19.75,10.25,79.02,13,0,7.29,clear sky
493,Abha,SA,18.2164,42.5053,61.57,61,3,4.07,clear sky
494,Vicksburg,US,32.3526,-90.8779,83.93,20,0,3.44,clear sky
495,Yashkino,RU,55.8736,85.4265,27.88,88,59,5.44,broken clouds
496,Storslett,NO,69.7678,21.0247,32.0,93,39,0.0,scattered clouds
497,Soto La Marina,MX,23.7667,-98.2167,88.77,48,1,11.34,clear sky
498,San Pedro,PH,14.35,121.0167,80.35,85,100,3.62,overcast clouds
499,Zadar,HR,44.1197,15.2422,61.41,67,0,4.61,clear sky
500,Canton,CN,23.1167,113.25,73.35,42,7,8.05,clear sky
501,Saint-Francois,FR,46.4154,3.9054,63.84,77,75,8.05,broken clouds
502,Phitsanulok,TH,16.9167,100.5,69.49,92,100,2.64,overcast clouds
503,Mae Ramat,TH,16.984,98.5166,71.1,98,99,0.89,overcast clouds
504,Sorong,ID,-0.8833,131.25,79.7,83,100,3.91,overcast clouds
505,Erzin,TR,36.9559,36.2,68.29,86,100,1.14,overcast clouds
506,Koungheul,SN,13.9833,-14.8,84.58,62,100,7.07,overcast clouds
507,Half Moon Bay,US,37.4636,-122.4286,78.1,77,100,11.5,overcast clouds
508,Mogok,MM,22.9167,96.5,63.77,98,10,1.5,clear sky
509,Buala,SB,-8.145,159.5921,82.0,68,100,2.01,overcast clouds
510,Ozinki,RU,51.1786,49.6769,43.05,70,74,5.75,broken clouds
511,Filingue,NE,14.3521,3.3168,89.08,37,18,8.46,few clouds
512,Iguape,BR,-24.7081,-47.5553,67.5,92,100,13.89,overcast clouds
513,Takoradi,GH,4.8845,-1.7554,76.39,90,66,8.37,light rain
514,Shimanovsk,RU,52.0,127.7,43.54,63,99,11.83,overcast clouds
515,Weare,US,43.0948,-71.7306,62.74,93,89,1.99,overcast clouds
516,Salaga,GH,8.5508,-0.5188,74.64,92,93,4.92,overcast clouds
517,Nilanga,IN,18.1,76.7667,71.17,94,100,9.1,overcast clouds
518,Keti Bandar,PK,24.1447,67.4497,80.92,58,2,11.21,clear sky
519,Kapustin Yar,RU,48.5831,45.7372,48.78,77,98,6.67,overcast clouds
520,Viline,UA,44.8456,33.6716,50.76,68,0,11.7,clear sky
521,Sassandra,CI,4.95,-6.0833,74.84,93,97,7.02,light rain
522,San-Pedro,CI,4.7485,-6.6363,75.29,92,98,6.96,light rain
523,Yurgamysh,RU,55.3714,64.4656,46.58,72,61,4.99,broken clouds
524,Balaghat,IN,21.8,80.1833,67.5,86,1,6.08,clear sky
525,Santa Rosa,PH,14.3122,121.1114,81.1,88,100,4.9,overcast clouds
526,Luanda,AO,-8.8368,13.2343,77.0,83,75,10.36,broken clouds
527,Santiago De Cao,PE,-7.9589,-79.2392,62.73,77,40,12.66,fog
528,Muana,BR,-1.5283,-49.2167,85.46,61,92,9.31,overcast clouds
529,Huarmey,PE,-10.0681,-78.1522,66.49,71,2,11.25,clear sky
530,Mount Gambier,AU,-37.8333,140.7667,49.66,88,99,5.39,overcast clouds
531,Sosnovo-Ozerskoye,RU,52.5249,111.5418,26.4,69,81,14.43,broken clouds
532,Vestmannaeyjar,IS,63.4427,-20.2734,40.46,65,8,5.32,clear sky
533,Aksarka,RU,66.5606,67.7975,38.66,94,100,6.2,overcast clouds
534,Hobyo,SO,5.3505,48.5268,77.81,84,47,16.69,scattered clouds
535,Tiruppuvanam,IN,9.8333,78.2667,80.47,77,88,3.04,light rain
536,Wewak,PG,-3.5534,143.6268,79.68,83,76,6.55,broken clouds
537,Limbang,MY,4.75,115.0,77.11,97,95,2.26,overcast clouds
538,Tucurui,BR,-3.7661,-49.6725,83.01,66,99,3.78,overcast clouds
539,Lawton,US,34.6087,-98.3903,87.71,18,0,21.0,clear sky
540,Vuktyl,RU,63.8567,57.3094,40.15,90,100,4.94,overcast clouds
541,Winkler,CA,49.1817,-97.941,42.98,53,100,12.28,overcast clouds
542,Peniche,PT,39.3558,-9.3811,65.08,91,9,11.88,clear sky
543,Hermiston,US,45.8404,-119.2895,80.82,37,0,3.44,clear sky
544,Sault Sainte Marie,CA,46.5168,-84.3333,45.16,87,100,0.0,overcast clouds
545,Deputatskiy,RU,69.3,139.9,0.54,94,98,5.97,overcast clouds
546,Northam,GB,51.0333,-4.2167,55.38,94,85,10.96,overcast clouds
547,Aykhal,RU,66.0,111.5,6.55,99,95,7.07,overcast clouds
548,Smithers,CA,54.7804,-127.1743,57.22,78,100,0.78,overcast clouds
549,Buraydah,SA,26.326,43.975,77.14,19,0,11.05,clear sky
550,Oum Hadjer,TD,13.2954,19.6966,86.61,19,56,9.33,broken clouds
551,Paragominas,BR,-2.9667,-47.4833,80.6,68,100,2.55,overcast clouds
552,Okhotsk,RU,59.3833,143.3,27.88,61,15,10.13,few clouds
553,Robertson,US,36.5167,-86.8667,76.39,20,0,14.97,clear sky
554,Nauta,PE,-4.5061,-73.5757,86.97,61,100,3.89,moderate rain
555,Kenai,US,60.5544,-151.2583,38.14,57,0,19.57,clear sky
556,Giddarbaha,IN,30.2,74.6667,70.66,42,0,2.1,clear sky
557,Slupsk,PL,54.4641,17.0287,50.45,84,54,7.99,broken clouds
558,Liverpool,GB,53.4106,-2.9779,52.29,92,75,5.75,broken clouds
559,Chernyshevskiy,RU,63.0128,112.4714,27.39,74,100,2.82,overcast clouds
560,Matadi,CD,-5.8167,13.45,78.73,81,93,7.47,light rain
561,Leshukonskoye,RU,64.8989,45.7622,40.1,95,100,5.01,overcast clouds
562,Kita,ML,13.0349,-9.4895,80.58,57,53,3.36,broken clouds
563,Come,BJ,6.4076,1.882,76.89,86,98,5.39,light rain
564,Keuruu,FI,62.2667,24.7,48.38,98,95,4.76,overcast clouds
565,Vallenar,CL,-28.5708,-70.7581,76.62,33,0,8.39,clear sky
566,Igarka,RU,67.4667,86.5833,35.76,82,100,16.2,overcast clouds
567,Soyo,AO,-6.1349,12.3689,77.27,86,72,10.92,broken clouds
568,Port Hawkesbury,CA,45.6169,-61.3485,60.19,86,75,11.5,broken clouds
569,High Level,CA,58.5169,-117.136,44.89,45,6,11.05,clear sky
570,Gornopravdinsk,RU,60.05,69.9,40.55,75,86,9.19,overcast clouds
571,Tyrma,RU,50.0833,132.1667,36.68,84,6,2.55,clear sky
572,Trat,TH,12.5,102.5,76.87,79,100,5.73,overcast clouds
573,Valdivia,CL,-39.8142,-73.2459,68.09,48,38,3.83,scattered clouds
574,Sao Filipe,CV,14.8961,-24.4956,77.94,82,77,6.58,broken clouds
575,Banjar,ID,-8.19,114.9675,76.96,89,42,4.85,scattered clouds
576,Mingshui,CN,36.7167,117.5,56.82,60,88,2.13,overcast clouds
577,Rock Sound,BS,24.9,-76.2,82.2,70,80,1.99,broken clouds
578,Yerbogachen,RU,61.2767,108.0108,25.99,89,17,3.42,few clouds
579,Ust-Kulom,RU,61.6864,53.6902,40.73,92,100,4.94,overcast clouds
580,Sept-Iles,CA,50.2001,-66.3821,49.05,93,100,10.0,overcast clouds
581,Kazachinskoye,RU,57.6953,93.2761,31.01,82,64,0.94,broken clouds
582,Skjervoy,NO,70.0311,20.9714,32.0,75,10,16.64,clear sky
583,Kabompo,ZM,-13.5927,24.2008,65.93,21,5,4.85,clear sky
584,Manali,IN,13.1667,80.2667,78.89,78,49,4.45,scattered clouds
585,Atbasar,KZ,51.8,68.3333,48.25,54,59,3.96,broken clouds
586,Kahului,US,20.8947,-156.47,87.82,69,40,12.66,scattered clouds
587,Umm Lajj,SA,25.0213,37.2685,81.54,55,2,10.4,clear sky
588,Waipawa,NZ,-41.4122,175.5153,49.48,73,100,8.72,light rain
589,Minab,IR,27.1467,57.0801,80.26,56,0,0.4,clear sky
590,Kaliua,TZ,-5.0606,31.7936,70.97,25,6,5.88,clear sky
591,Surt,LY,31.2089,16.5887,75.52,60,15,18.01,few clouds
592,Pitimbu,BR,-7.4706,-34.8086,79.39,73,5,12.77,clear sky
593,Shymkent,KZ,42.3,69.6,54.19,41,16,6.71,smoke
594,Sol-Iletsk,RU,51.1631,54.9918,43.39,77,17,6.49,few clouds
595,Wilmington,US,34.2257,-77.9447,73.31,67,0,3.44,clear sky
596,Dukat,RU,62.55,155.55,-1.86,100,96,4.18,overcast clouds
597,Mahanoro,MG,-19.9,48.8,65.3,89,3,3.15,clear sky
598,Labuhan,ID,-6.8844,112.2051,78.19,84,100,7.07,light rain
599,Tena,EC,-0.9833,-77.8167,87.96,92,100,0.78,light rain
600,Benevides,BR,-1.3614,-48.2447,85.8,68,87,3.62,overcast clouds
601,Donskoye,RU,45.4552,41.9741,50.13,65,33,6.96,scattered clouds
602,Ouahigouya,BF,13.5828,-2.4216,85.57,43,90,10.6,overcast clouds
603,Manakara,MG,-22.1333,48.0167,67.28,88,37,6.24,scattered clouds
604,Dubrovnik,HR,42.6481,18.0922,58.64,82,0,4.61,clear sky
605,Kembe,CF,4.6228,21.8865,71.38,92,87,2.37,overcast clouds
606,Avera,US,33.194,-82.5271,76.55,30,0,4.05,clear sky
607,Pangody,RU,65.85,74.4859,35.17,81,99,11.81,overcast clouds
608,Kurchum,KZ,48.5722,83.6542,46.92,36,4,4.14,clear sky
609,Ewa Beach,US,21.3156,-158.0072,86.02,61,20,9.22,few clouds
610,Quang Ngai,VN,15.1167,108.8,72.97,95,100,6.73,overcast clouds
611,Sierpc,PL,52.8568,19.6691,53.94,76,87,6.53,overcast clouds
612,Taree,AU,-31.9,152.4667,60.12,63,0,3.47,clear sky
613,Kuryk,KZ,43.2,51.65,57.54,66,93,8.37,overcast clouds
614,De-Kastri,RU,51.4667,140.7833,43.68,90,100,2.93,overcast clouds
615,Fagersta,SE,60.0042,15.7932,44.44,90,100,3.96,overcast clouds
616,Empangeni,ZA,-28.762,31.8933,68.83,84,91,9.1,light rain
617,Sotouboua,TG,8.5667,0.9833,72.63,92,84,3.33,broken clouds
618,Pacific Grove,US,36.6177,-121.9166,68.2,95,100,8.05,overcast clouds
619,Huancavelica,PE,-12.7667,-74.9833,51.71,41,99,11.43,overcast clouds
620,Phan Thiet,VN,10.9333,108.1,72.32,88,26,6.85,scattered clouds
621,Beyneu,KZ,45.3167,55.2,59.14,41,100,6.13,overcast clouds
622,Nagato,JP,34.3833,131.2,64.67,87,6,6.24,clear sky
623,Kamenka,RU,51.3223,42.7678,37.35,73,36,5.59,scattered clouds
624,Darab,IR,28.7519,54.5444,70.75,24,0,2.15,clear sky
625,Tilichiki,RU,60.4667,166.1,29.64,96,100,3.49,overcast clouds
626,Los Llanos De Aridane,ES,28.6585,-17.9182,70.12,72,75,14.97,broken clouds
627,Tanabe,JP,33.7333,135.3667,64.62,84,0,4.27,clear sky
628,Chegdomyn,RU,51.1167,133.0167,37.04,72,89,2.37,overcast clouds
629,Kihei,US,20.785,-156.4656,87.82,72,40,12.66,scattered clouds
630,Port-Cartier,CA,50.0334,-66.8654,48.74,94,100,14.76,overcast clouds
631,Santa Maria,BR,-29.6842,-53.8069,60.3,73,81,14.36,broken clouds
632,Puerto Penasco,MX,31.3167,-113.5333,84.9,70,85,11.99,overcast clouds
633,Bucerias,MX,20.75,-105.3333,88.99,74,40,9.22,scattered clouds
634,Shitanjing,CN,39.2342,106.3439,50.2,25,100,12.17,overcast clouds
635,Madaoua,NE,14.073,5.96,90.27,15,38,7.63,scattered clouds
636,Henties Bay,NA,-22.116,14.2845,57.29,89,80,6.24,broken clouds
637,Agucadoura,PT,41.4318,-8.7804,64.31,96,13,6.02,few clouds
638,Kualakapuas,ID,-3.0091,114.3876,74.08,98,93,0.43,light rain
639,Kotri,PK,25.366,68.3122,82.06,22,0,11.12,clear sky
640,Moroni,KM,-11.7022,43.2551,74.46,78,63,3.29,light rain
641,Nhulunbuy,AU,-12.2333,136.7667,77.61,94,40,0.0,scattered clouds
642,Ampanihy,MG,-24.7,44.75,68.88,74,0,5.82,clear sky
643,Bubaque,GW,11.2833,-15.8333,81.81,76,69,13.38,light rain
644,Brigantine,US,39.4101,-74.3646,71.01,42,0,5.75,clear sky
645,Sisimiut,GL,66.9395,-53.6735,25.36,75,100,12.44,overcast clouds
646,Areosa,PT,41.7178,-8.8571,62.58,94,13,3.36,few clouds
647,Riyadh,SA,24.6877,46.7219,77.14,19,0,6.42,clear sky
648,Selikhino,RU,50.3672,137.4996,44.58,92,100,2.73,overcast clouds
649,Frontera,MX,26.9333,-101.45,91.33,31,0,5.99,clear sky
650,Roma,US,43.2128,-75.4557,63.95,42,20,5.75,few clouds
651,Am Timan,TD,11.0297,20.2827,77.5,47,52,2.39,broken clouds
652,La Palma,US,33.8464,-118.0467,77.9,76,100,5.75,overcast clouds
653,Doha,QA,25.2867,51.5333,84.18,65,0,3.44,clear sky
654,Tucupita,VE,9.0622,-62.051,77.59,92,84,4.74,broken clouds
655,Badou,TG,7.5833,0.6,73.11,94,99,2.98,light rain
656,Tungor,RU,53.3808,142.9564,37.8,78,100,3.13,overcast clouds
657,Daru,PG,-9.0763,143.2092,79.41,87,99,12.95,overcast clouds
658,Hovd,MN,48.0056,91.6419,27.9,50,7,1.66,clear sky
659,Bowen,AU,-20.0167,148.2333,73.54,84,19,6.42,few clouds
660,Inverell,AU,-29.7833,151.1167,54.66,81,0,5.01,clear sky
661,Yabrud,SY,33.9674,36.6574,55.65,64,19,2.55,few clouds
662,Zaysan,KZ,47.4667,84.8667,47.44,25,11,3.8,few clouds
663,Necochea,AR,-38.5473,-58.7368,52.09,46,2,15.68,clear sky
664,Kupang,ID,-10.1667,123.5833,77.99,84,99,5.99,overcast clouds
665,Manaus,BR,-3.1019,-60.025,88.29,66,20,2.3,few clouds
666,Neyshabur,IR,36.2133,58.7958,65.08,18,0,1.1,clear sky
667,Iralaya,HN,15.0,-83.2333,83.82,73,60,7.43,broken clouds
668,Benguela,AO,-12.5763,13.4055,74.21,83,37,5.53,scattered clouds
669,Miura,JP,35.14,139.6192,69.04,79,100,19.75,overcast clouds
670,Dubrovka,RU,53.6907,33.5071,38.21,82,84,5.93,broken clouds
671,Nemuro,JP,43.3236,145.575,56.88,71,100,9.01,light rain
672,Axim,GH,4.8699,-2.2405,77.11,86,78,8.63,light rain
673,Saint Augustine,US,29.8947,-81.3145,86.05,60,0,9.22,clear sky
674,Seminole,US,28.7086,-81.2081,87.35,62,0,10.36,clear sky
675,Sola,VU,-13.8833,167.55,79.99,75,99,14.47,overcast clouds
676,Maumere,ID,-8.6199,122.2111,79.16,79,97,4.76,overcast clouds
677,Visakhapatnam,IN,17.69,83.2093,78.69,94,75,3.44,mist
678,Mvangue,CM,2.9667,11.5167,65.46,100,100,3.2,overcast clouds
679,Havelock,US,34.8791,-76.9013,69.93,78,100,1.01,overcast clouds
680,Bull Savanna,JM,17.8868,-77.5902,81.09,74,100,11.77,overcast clouds
